<?xml version="1.0" encoding="UTF-8"?>
<!DOCTYPE suite SYSTEM "https://testng.org/testng-1.0.dtd">
<suite name="Suite">
	<parameter name="url" value="http://leaftaps.com/opentaps/"></parameter>
	<test name="Test" thread-count="3">
		<parameter name="browser" value="Chrome"></parameter>
		<parameter name="username" value="demoSalesManager"></parameter>
		<parameter name="password" value="crmsfa"></parameter>
		<classes>
			<class name="learnParametrization.CreateLead" />

			<class name="learnParametrization.DeleteLead" />
		</classes>
	</test> <!-- Test -->
</suite> <!-- Suite -->
