<?xml version="1.0" encoding="UTF-8"?>
<!DOCTYPE suite SYSTEM "https://testng.org/testng-1.0.dtd">
<suite name="Suite" >
<parameter name="url" value="http://leaftaps.com/opentaps/"></parameter>
  <test  name="Test" parallel="classes" thread-count="3">
  <parameter name="browser" value="Chrome"></parameter>
  <parameter name="username" value="DemoCSR"></parameter>
  <parameter name="password" value="crmsfa"></parameter>
      <classes>
      <class name="learnParametrization.CreateLead"/>  
            <class name="learnParametrization.DeleteLead"/>     
      </classes>
  </test> <!-- Test -->
  <!-- <test thread-count="5" name="Test1">
  <parameter name="browser" value="Edge"></parameter>  
  <parameter name="username" value="demosalesManager"></parameter>
  <parameter name="password" value="crmsfa"></parameter>
      <classes>
      <class name="learnParametrization.CreateLead"/>    
    </classes>
  </test> Test -->
</suite> <!-- Suite -->
